city,city_ascii,city_alt,lat,lng,country,iso2,iso3,admin_name,admin_name_ascii,admin_code,admin_type,capital,density,population,population_proper,ranking,timezone,same_name,id
Bridgetown,Bridgetown,"The Bridge Town",13.0975,-59.6167,Barbados,BB,BRB,"Saint Michael","Saint Michael",BB-08,parish,primary,2831.4,110000,110000,1,America/Barbados,FALSE,1052274244
Speightstown,Speightstown,Spreightstown,13.2544,-59.6408,Barbados,BB,BRB,"Saint Peter","Saint Peter",BB-09,parish,,325.8,2192,2192,3,America/Barbados,FALSE,1052980530
Holetown,Holetown,"The Hole",13.1867,-59.6381,Barbados,BB,BRB,"Saint James","Saint James",BB-04,parish,,1011.1,1595,1595,3,America/Barbados,FALSE,1052393847
Bathsheba,Bathsheba,,13.2142,-59.5236,Barbados,BB,BRB,"Saint Joseph","Saint Joseph",BB-06,parish,,252.1,1521,1521,3,America/Barbados,FALSE,1052433160
Oistins,Oistins,"Oistin’s Town",13.0644,-59.5444,Barbados,BB,BRB,"Christ Church","Christ Church",BB-01,parish,,929.3,1471,1471,3,America/Barbados,FALSE,1052067424
Hillaby,Hillaby,"Mount Hillaby",13.2019,-59.5833,Barbados,BB,BRB,"Saint Andrew","Saint Andrew",BB-02,parish,,213.1,478,478,3,America/Barbados,FALSE,1052884216
Neils,Neils,,13.1217,-59.5785,Barbados,BB,BRB,"Saint Michael","Saint Michael",BB-08,parish,,2102.7,,,2,America/Barbados,FALSE,1052369441
"Reeds Hill","Reeds Hill",,13.1575,-59.6163,Barbados,BB,BRB,"Saint James","Saint James",BB-04,parish,,587.4,,,3,America/Barbados,FALSE,1052349761
"Pine Housing Estate","Pine Housing Estate",Pine,13.1000,-59.6000,Barbados,BB,BRB,"Saint Michael","Saint Michael",BB-08,parish,,2102.7,,,2,America/Barbados,FALSE,1052294524
"Parish Land","Parish Land",,13.1472,-59.4757,Barbados,BB,BRB,"Saint Philip","Saint Philip",BB-10,parish,,608.8,,,3,America/Barbados,FALSE,1052000075
"Free Hill","Free Hill",,13.3077,-59.5960,Barbados,BB,BRB,"Saint Lucy","Saint Lucy",BB-07,parish,,274.4,,,3,America/Barbados,FALSE,1052696717
"Fruitful Hill","Fruitful Hill",,13.2158,-59.5649,Barbados,BB,BRB,"Saint Joseph","Saint Joseph",BB-06,parish,,249.8,,,3,America/Barbados,FALSE,1052678028
"Apes Hill","Apes Hill",,13.2147,-59.5991,Barbados,BB,BRB,"Saint James","Saint James",BB-04,parish,,455.3,,,3,America/Barbados,FALSE,1052213496
"Sealy Hall","Sealy Hall",,13.1697,-59.4724,Barbados,BB,BRB,"Saint John","Saint John",BB-05,parish,,333.5,,,3,America/Barbados,FALSE,1052186893
"Bruce Vale","Bruce Vale",Bruce,13.2256,-59.5653,Barbados,BB,BRB,"Saint Andrew","Saint Andrew",BB-02,parish,,137.3,,,4,America/Barbados,FALSE,1052061713
Carter,Carter,,13.1833,-59.5000,Barbados,BB,BRB,"Saint John","Saint John",BB-05,parish,,238.0,,,3,America/Barbados,FALSE,1052388228
"Walkers Terrace","Walkers Terrace",,13.1482,-59.6332,Barbados,BB,BRB,"Saint George","Saint George",BB-03,parish,,472.3,,,3,America/Barbados,FALSE,1052482666
Robinsons,Robinsons,,13.1302,-59.4399,Barbados,BB,BRB,"Saint Philip","Saint Philip",BB-10,parish,,608.8,,,3,America/Barbados,FALSE,1052214470
"Industry Hall","Industry Hall",,13.1585,-59.4324,Barbados,BB,BRB,"Saint Philip","Saint Philip",BB-10,parish,,608.8,,,3,America/Barbados,FALSE,1052109966
"St. Patricks","St. Patricks",,13.0987,-59.4979,Barbados,BB,BRB,"Christ Church","Christ Church",BB-01,parish,,927.5,,,3,America/Barbados,FALSE,1052552538
"Gun Hill","Gun Hill",,13.1409,-59.5585,Barbados,BB,BRB,"Saint George","Saint George",BB-03,parish,,472.3,,,3,America/Barbados,FALSE,1052000021
"Rose Hill","Rose Hill",,13.2690,-59.6207,Barbados,BB,BRB,"Saint Peter","Saint Peter",BB-09,parish,,325.8,,,3,America/Barbados,FALSE,1052017763
Lancaster,Lancaster,,13.2035,-59.6188,Barbados,BB,BRB,"Saint James","Saint James",BB-04,parish,,1011.1,,,3,America/Barbados,FALSE,1052913809
Allmans,Allmans,,13.2825,-59.6381,Barbados,BB,BRB,"Saint Lucy","Saint Lucy",BB-07,parish,,281.9,,,3,America/Barbados,FALSE,1052779217
"Stroude Land","Stroude Land",,13.1202,-59.4522,Barbados,BB,BRB,"Saint Philip","Saint Philip",BB-10,parish,,608.8,,,3,America/Barbados,FALSE,1052806751
Porters,Porters,,13.2001,-59.6393,Barbados,BB,BRB,"Saint James","Saint James",BB-04,parish,,1011.1,,,3,America/Barbados,FALSE,1052155744
"Upper Carlton","Upper Carlton",,13.2211,-59.6257,Barbados,BB,BRB,"Saint James","Saint James",BB-04,parish,,1011.1,,,3,America/Barbados,FALSE,1052129870
"Rock Hall","Rock Hall",,13.2997,-59.6051,Barbados,BB,BRB,"Saint Lucy","Saint Lucy",BB-07,parish,,274.4,,,3,America/Barbados,FALSE,1052375582
"Bibbys Lane","Bibbys Lane",,13.1523,-59.5882,Barbados,BB,BRB,"Saint Michael","Saint Michael",BB-08,parish,,1346.6,,,3,America/Barbados,FALSE,1052306650
Walronds,Walronds,,13.0953,-59.4920,Barbados,BB,BRB,"Christ Church","Christ Church",BB-01,parish,,927.5,,,3,America/Barbados,FALSE,1052610332
Graveyard,Graveyard,,13.2973,-59.5827,Barbados,BB,BRB,"Saint Lucy","Saint Lucy",BB-07,parish,,307.3,,,3,America/Barbados,FALSE,1052637093
"Green Garden","Green Garden",,13.0471,-59.5206,Barbados,BB,BRB,"Christ Church","Christ Church",BB-01,parish,,929.3,,,3,America/Barbados,FALSE,1052771402
Whitehaven,Whitehaven,,13.1678,-59.4516,Barbados,BB,BRB,"Saint Philip","Saint Philip",BB-10,parish,,608.8,,,3,America/Barbados,FALSE,1052671555
Babbs,Babbs,,13.2864,-59.6389,Barbados,BB,BRB,"Saint Lucy","Saint Lucy",BB-07,parish,,274.4,,,3,America/Barbados,FALSE,1052651216
"Drax Hall Green","Drax Hall Green","Drax Hill Green",13.1520,-59.5290,Barbados,BB,BRB,"Saint George","Saint George",BB-03,parish,,472.3,,,3,America/Barbados,FALSE,1052260037
"Saint Davids","Saint Davids",,13.0950,-59.5602,Barbados,BB,BRB,"Christ Church","Christ Church",BB-01,parish,,845.1,,,3,America/Barbados,FALSE,1052775245
"Black Rock","Black Rock",,13.1258,-59.6262,Barbados,BB,BRB,"Saint Michael","Saint Michael",BB-08,parish,,2102.7,,,2,America/Barbados,FALSE,1052176369
"Drax Hall Jump","Drax Hall Jump",,13.1391,-59.5131,Barbados,BB,BRB,"Saint George","Saint George",BB-03,parish,,447.8,,,3,America/Barbados,FALSE,1052666459
"Gall Hill","Gall Hill",,13.1815,-59.5013,Barbados,BB,BRB,"Saint John","Saint John",BB-05,parish,,238.0,,,3,America/Barbados,FALSE,1052000068
Oughterson,Oughterson,Oughtersons,13.1447,-59.4687,Barbados,BB,BRB,"Saint Philip","Saint Philip",BB-10,parish,,608.8,,,3,America/Barbados,FALSE,1052486098
Venture,Venture,,13.1833,-59.5167,Barbados,BB,BRB,"Saint John","Saint John",BB-05,parish,,241.1,,,3,America/Barbados,FALSE,1052803249
"Arch Hall","Arch Hall",,13.1800,-59.6166,Barbados,BB,BRB,"Saint Thomas","Saint Thomas",BB-11,parish,,459.8,,,3,America/Barbados,FALSE,1052003690
"The Baltic","The Baltic",,13.2891,-59.5841,Barbados,BB,BRB,"Saint Peter","Saint Peter",BB-09,parish,,325.8,,,3,America/Barbados,FALSE,1052518489
"Welchman Hall","Welchman Hall",,13.1877,-59.5786,Barbados,BB,BRB,"Saint Thomas","Saint Thomas",BB-11,parish,,453.0,,,3,America/Barbados,FALSE,1052018489
"Saint Judes","Saint Judes",,13.1571,-59.5353,Barbados,BB,BRB,"Saint George","Saint George",BB-03,parish,,472.3,,,3,America/Barbados,FALSE,1052456524
"Sweet Vale","Sweet Vale",,13.1661,-59.5479,Barbados,BB,BRB,"Saint George","Saint George",BB-03,parish,,472.3,,,3,America/Barbados,FALSE,1052000026
"Searles Tenantry","Searles Tenantry",,13.0901,-59.5172,Barbados,BB,BRB,"Christ Church","Christ Church",BB-01,parish,,929.3,,,3,America/Barbados,FALSE,1052000014
Prerogative,Prerogative,,13.1554,-59.5345,Barbados,BB,BRB,"Saint George","Saint George",BB-03,parish,,472.3,,,3,America/Barbados,FALSE,1052743151
Wellhouse,Wellhouse,,13.1368,-59.4401,Barbados,BB,BRB,"Saint Philip","Saint Philip",BB-10,parish,,608.8,,,3,America/Barbados,FALSE,1052452924
Bowmanston,Bowmanston,,13.1667,-59.5167,Barbados,BB,BRB,"Saint John","Saint John",BB-05,parish,,238.0,,,3,America/Barbados,FALSE,1052438333
Maynards,Maynards,,13.2661,-59.6334,Barbados,BB,BRB,"Saint Peter","Saint Peter",BB-09,parish,,325.8,,,3,America/Barbados,FALSE,1052560908
"Wilson Hill","Wilson Hill",,13.1812,-59.5293,Barbados,BB,BRB,"Saint John","Saint John",BB-05,parish,,238.0,,,3,America/Barbados,FALSE,1052308519
Applewhaites,Applewhaites,,13.1606,-59.5735,Barbados,BB,BRB,"Saint Thomas","Saint Thomas",BB-11,parish,,458.2,,,3,America/Barbados,FALSE,1052293982
"Blacksage Alley","Blacksage Alley",,13.3031,-59.5876,Barbados,BB,BRB,"Saint Lucy","Saint Lucy",BB-07,parish,,274.4,,,3,America/Barbados,FALSE,1052262484
Branchbury,Branchbury,,13.1833,-59.5500,Barbados,BB,BRB,"Saint Joseph","Saint Joseph",BB-06,parish,,252.1,,,3,America/Barbados,FALSE,1052060962
Jericho,Jericho,,13.1619,-59.5595,Barbados,BB,BRB,"Saint George","Saint George",BB-03,parish,,465.1,,,3,America/Barbados,FALSE,1052458563
Balls,Balls,,13.0804,-59.5262,Barbados,BB,BRB,"Christ Church","Christ Church",BB-01,parish,,929.3,,,3,America/Barbados,FALSE,1052000011
Vineyard,Vineyard,,13.1467,-59.4638,Barbados,BB,BRB,"Saint Philip","Saint Philip",BB-10,parish,,608.8,,,3,America/Barbados,FALSE,1052560472
"Mose Bottom","Mose Bottom",,13.2144,-59.5870,Barbados,BB,BRB,"Saint Andrew","Saint Andrew",BB-02,parish,,213.1,,,3,America/Barbados,FALSE,1052000038
"Saint Sylvans","Saint Sylvans",,13.2229,-59.5661,Barbados,BB,BRB,"Saint Andrew","Saint Andrew",BB-02,parish,,173.8,,,4,America/Barbados,FALSE,1052000053
Rices,Rices,,13.1038,-59.4539,Barbados,BB,BRB,"Saint Philip","Saint Philip",BB-10,parish,,608.8,,,3,America/Barbados,FALSE,1052000001
"Horse Hill","Horse Hill",,13.1990,-59.5408,Barbados,BB,BRB,"Saint Joseph","Saint Joseph",BB-06,parish,,252.1,,,3,America/Barbados,FALSE,1052000071
Greenidge,Greenidge,,13.3196,-59.6244,Barbados,BB,BRB,"Saint Lucy","Saint Lucy",BB-07,parish,,274.4,,,3,America/Barbados,FALSE,1052814496
"Arthurs Seat","Arthurs Seat",,13.1562,-59.6068,Barbados,BB,BRB,"Saint Thomas","Saint Thomas",BB-11,parish,,453.0,,,3,America/Barbados,FALSE,1052481941
"The Risk","The Risk",,13.2929,-59.5775,Barbados,BB,BRB,"Saint Peter","Saint Peter",BB-09,parish,,307.3,,,3,America/Barbados,FALSE,1052311557
Hopewell,Hopewell,,13.1667,-59.5833,Barbados,BB,BRB,"Saint Thomas","Saint Thomas",BB-11,parish,,453.0,,,3,America/Barbados,FALSE,1052097764
"Moonshine Hall","Moonshine Hall",,13.1500,-59.5500,Barbados,BB,BRB,"Saint George","Saint George",BB-03,parish,,472.3,,,3,America/Barbados,FALSE,1052928386
"Welch Town","Welch Town",,13.1667,-59.4833,Barbados,BB,BRB,"Saint John","Saint John",BB-05,parish,,238.0,,,3,America/Barbados,FALSE,1052646104
Constant,Constant,,13.1167,-59.5500,Barbados,BB,BRB,"Saint George","Saint George",BB-03,parish,,472.3,,,3,America/Barbados,FALSE,1052405677
Oxnards,Oxnards,,13.1520,-59.6312,Barbados,BB,BRB,"Saint James","Saint James",BB-04,parish,,1011.1,,,3,America/Barbados,FALSE,1052327647
Appleby,Appleby,,13.1544,-59.6357,Barbados,BB,BRB,"Saint James","Saint James",BB-04,parish,,1011.1,,,3,America/Barbados,FALSE,1052484247
"Cherry Grove","Cherry Grove",,13.1500,-59.5167,Barbados,BB,BRB,"Saint John","Saint John",BB-05,parish,,238.0,,,3,America/Barbados,FALSE,1052710853
"Ealing Grove","Ealing Grove",,13.0596,-59.5146,Barbados,BB,BRB,"Christ Church","Christ Church",BB-01,parish,,929.3,,,3,America/Barbados,FALSE,1052837635
Highland,Highland,,13.1070,-59.4870,Barbados,BB,BRB,"Saint Philip","Saint Philip",BB-10,parish,,608.8,,,3,America/Barbados,FALSE,1052166832
"Charles Rowe Bridge","Charles Rowe Bridge",,13.1296,-59.5693,Barbados,BB,BRB,"Saint George","Saint George",BB-03,parish,,480.4,,,3,America/Barbados,FALSE,1052000017
"Hothersal Turning","Hothersal Turning",,13.1319,-59.5903,Barbados,BB,BRB,"Saint Michael","Saint Michael",BB-08,parish,,2102.7,,,2,America/Barbados,FALSE,1052362261
"Applewhaites Tenantry","Applewhaites Tenantry",,13.1551,-59.5847,Barbados,BB,BRB,"Saint Thomas","Saint Thomas",BB-11,parish,,1346.6,,,3,America/Barbados,FALSE,1052000024
"Mile and a Quarter","Mile and a Quarter",,13.2500,-59.6167,Barbados,BB,BRB,"Saint Peter","Saint Peter",BB-09,parish,,325.8,,,3,America/Barbados,FALSE,1052302205
"Free Hill","Free Hill",,13.1446,-59.5458,Barbados,BB,BRB,"Saint George","Saint George",BB-03,parish,,472.3,,,3,America/Barbados,FALSE,1052675628
Kendal,Kendal,,13.1500,-59.5000,Barbados,BB,BRB,"Saint John","Saint John",BB-05,parish,,363.0,,,3,America/Barbados,FALSE,1052138789
Dunscombe,Dunscombe,,13.1964,-59.5942,Barbados,BB,BRB,"Saint Thomas","Saint Thomas",BB-11,parish,,453.0,,,3,America/Barbados,FALSE,1052398388
Spooners,Spooners,,13.1726,-59.5184,Barbados,BB,BRB,"Saint John","Saint John",BB-05,parish,,238.0,,,3,America/Barbados,FALSE,1052000066
Content,Content,,13.3125,-59.6368,Barbados,BB,BRB,"Saint Lucy","Saint Lucy",BB-07,parish,,274.4,,,3,America/Barbados,FALSE,1052756397
Bournes,Bournes,,13.1457,-59.5793,Barbados,BB,BRB,"Saint Michael","Saint Michael",BB-08,parish,,1172.6,,,3,America/Barbados,FALSE,1052000022
Surinam,Surinam,,13.1972,-59.5441,Barbados,BB,BRB,"Saint Joseph","Saint Joseph",BB-06,parish,,252.1,,,3,America/Barbados,FALSE,1052978790
Ellerton,Ellerton,,13.1333,-59.5500,Barbados,BB,BRB,"Saint George","Saint George",BB-03,parish,,472.3,,,3,America/Barbados,FALSE,1052031791
Bagatelle,Bagatelle,,13.1616,-59.6139,Barbados,BB,BRB,"Saint Thomas","Saint Thomas",BB-11,parish,,545.2,,,3,America/Barbados,FALSE,1052811422
"Sealy Hill","Sealy Hill",,13.1574,-59.4410,Barbados,BB,BRB,"Saint Philip","Saint Philip",BB-10,parish,,608.8,,,3,America/Barbados,FALSE,1052577815
Fairview,Fairview,,13.0968,-59.5029,Barbados,BB,BRB,"Christ Church","Christ Church",BB-01,parish,,929.3,,,3,America/Barbados,FALSE,1052500273
Fairview,Fairview,"Fair View",13.1514,-59.5424,Barbados,BB,BRB,"Saint George","Saint George",BB-03,parish,,472.3,,,3,America/Barbados,FALSE,1052437522
Mayfield,Mayfield,,13.1421,-59.5688,Barbados,BB,BRB,"Saint George","Saint George",BB-03,parish,,472.3,,,3,America/Barbados,FALSE,1052000020
Bannatyne,Bannatyne,,13.0833,-59.5333,Barbados,BB,BRB,"Christ Church","Christ Church",BB-01,parish,,929.3,,,3,America/Barbados,FALSE,1052426973
"Stewart Hill","Stewart Hill",,13.1639,-59.4800,Barbados,BB,BRB,"Saint John","Saint John",BB-05,parish,,344.7,,,3,America/Barbados,FALSE,1052937071
Benthams,Benthams,,13.2885,-59.6258,Barbados,BB,BRB,"Saint Lucy","Saint Lucy",BB-07,parish,,274.4,,,3,America/Barbados,FALSE,1052033276
"Coffee Gully","Coffee Gully",,13.1856,-59.5473,Barbados,BB,BRB,"Saint Joseph","Saint Joseph",BB-06,parish,,252.1,,,3,America/Barbados,FALSE,1052966880
"Bagatelle Terrace","Bagatelle Terrace",,13.1643,-59.6158,Barbados,BB,BRB,"Saint James","Saint James",BB-04,parish,,545.2,,,3,America/Barbados,FALSE,1052000059
Lazaretto,Lazaretto,,13.1389,-59.6363,Barbados,BB,BRB,"Saint James","Saint James",BB-04,parish,,1359.9,,,3,America/Barbados,FALSE,1052499466
Bishops,Bishops,,13.3171,-59.5973,Barbados,BB,BRB,"Saint Lucy","Saint Lucy",BB-07,parish,,274.4,,,3,America/Barbados,FALSE,1052772381
"Prior Park","Prior Park",,13.1531,-59.6183,Barbados,BB,BRB,"Saint James","Saint James",BB-04,parish,,1011.1,,,3,America/Barbados,FALSE,1052026983
Haggatts,Haggatts,,13.2286,-59.5645,Barbados,BB,BRB,"Saint Andrew","Saint Andrew",BB-02,parish,,137.3,,,4,America/Barbados,FALSE,1052000056
"Cane Wood","Cane Wood",,13.1459,-59.5950,Barbados,BB,BRB,"Saint Michael","Saint Michael",BB-08,parish,,2101.6,,,2,America/Barbados,FALSE,1052677576
"Mount Brevitor","Mount Brevitor",,13.2640,-59.6204,Barbados,BB,BRB,"Saint Peter","Saint Peter",BB-09,parish,,325.8,,,3,America/Barbados,FALSE,1052049654
"Lower Birneys","Lower Birneys",,13.1042,-59.5720,Barbados,BB,BRB,"Saint George","Saint George",BB-03,parish,,1540.3,,,3,America/Barbados,FALSE,1052744586
"Rock Hall","Rock Hall",,13.0840,-59.4727,Barbados,BB,BRB,"Saint Philip","Saint Philip",BB-10,parish,,608.8,,,3,America/Barbados,FALSE,1052000006
"Old Post Office","Old Post Office",,13.1528,-59.5578,Barbados,BB,BRB,"Saint George","Saint George",BB-03,parish,,472.3,,,3,America/Barbados,FALSE,1052924693
"Pilgrim Place","Pilgrim Place",,13.0776,-59.5144,Barbados,BB,BRB,"Christ Church","Christ Church",BB-01,parish,,929.3,,,3,America/Barbados,FALSE,1052433403
Marchfield,Marchfield,,13.1167,-59.4667,Barbados,BB,BRB,"Saint Philip","Saint Philip",BB-10,parish,,608.8,,,3,America/Barbados,FALSE,1052345464
"Airy Hill","Airy Hill",,13.1355,-59.5737,Barbados,BB,BRB,"Saint George","Saint George",BB-03,parish,,472.3,,,3,America/Barbados,FALSE,1052000018
"Airy Hill","Airy Hill",,13.1865,-59.5557,Barbados,BB,BRB,"Saint Joseph","Saint Joseph",BB-06,parish,,267.6,,,3,America/Barbados,FALSE,1052229677
Carlton,Carlton,,13.2167,-59.6333,Barbados,BB,BRB,"Saint James","Saint James",BB-04,parish,,1011.1,,,3,America/Barbados,FALSE,1052544869
"Indian Ground","Indian Ground",,13.2519,-59.5978,Barbados,BB,BRB,"Saint Andrew","Saint Andrew",BB-02,parish,,216.5,,,3,America/Barbados,FALSE,1052641900
Mullins,Mullins,,13.2344,-59.6419,Barbados,BB,BRB,"Saint Peter","Saint Peter",BB-09,parish,,325.8,,,3,America/Barbados,FALSE,1052255909
"Sedge Pond","Sedge Pond",,13.2450,-59.5964,Barbados,BB,BRB,"Saint Andrew","Saint Andrew",BB-02,parish,,176.0,,,4,America/Barbados,FALSE,1052845427
Providence,Providence,,13.0761,-59.5210,Barbados,BB,BRB,"Christ Church","Christ Church",BB-01,parish,,929.3,,,3,America/Barbados,FALSE,1052407326
Ayshford,Ayshford,,13.1797,-59.5797,Barbados,BB,BRB,"Saint Thomas","Saint Thomas",BB-11,parish,,453.0,,,3,America/Barbados,FALSE,1052000028
Oldbury,Oldbury,,13.0833,-59.4667,Barbados,BB,BRB,"Saint Philip","Saint Philip",BB-10,parish,,625.6,,,3,America/Barbados,FALSE,1052231827
Baxters,Baxters,,13.2239,-59.5683,Barbados,BB,BRB,"Saint Andrew","Saint Andrew",BB-02,parish,,137.3,,,4,America/Barbados,FALSE,1052088969
"Little Battaleys","Little Battaleys",,13.2398,-59.6423,Barbados,BB,BRB,"Saint Peter","Saint Peter",BB-09,parish,,325.8,,,3,America/Barbados,FALSE,1052228458
"Coconut Hall","Coconut Hall",,13.3167,-59.6000,Barbados,BB,BRB,"Saint Lucy","Saint Lucy",BB-07,parish,,274.4,,,3,America/Barbados,FALSE,1052725363
Mellowes,Mellowes,,13.2066,-59.5490,Barbados,BB,BRB,"Saint Joseph","Saint Joseph",BB-06,parish,,252.1,,,3,America/Barbados,FALSE,1052000043
Kirtons,Kirtons,,13.1044,-59.4591,Barbados,BB,BRB,"Saint Philip","Saint Philip",BB-10,parish,,608.8,,,3,America/Barbados,FALSE,1052592943
"Golden Grove","Golden Grove","Lewis Vale",13.1500,-59.4500,Barbados,BB,BRB,"Saint Philip","Saint Philip",BB-10,parish,,608.8,,,3,America/Barbados,FALSE,1052213236
"Saint Martins","Saint Martins",,13.0833,-59.4667,Barbados,BB,BRB,"Saint Philip","Saint Philip",BB-10,parish,,608.8,,,3,America/Barbados,FALSE,1052441997
Pothouse,Pothouse,,13.1831,-59.4957,Barbados,BB,BRB,"Saint John","Saint John",BB-05,parish,,238.0,,,3,America/Barbados,FALSE,1052000069
"Marley Vale","Marley Vale",,13.1616,-59.4403,Barbados,BB,BRB,"Saint Philip","Saint Philip",BB-10,parish,,608.8,,,3,America/Barbados,FALSE,1052739773
"Less Beholden","Less Beholden",,13.2307,-59.5471,Barbados,BB,BRB,"Saint Andrew","Saint Andrew",BB-02,parish,,218.2,,,3,America/Barbados,FALSE,1052214819
Christie,Christie,,13.1690,-59.6053,Barbados,BB,BRB,"Saint Thomas","Saint Thomas",BB-11,parish,,453.0,,,3,America/Barbados,FALSE,1052408465
"Parish Land","Parish Land",,13.0734,-59.5181,Barbados,BB,BRB,"Christ Church","Christ Church",BB-01,parish,,929.3,,,3,America/Barbados,FALSE,1052012953
"Parish Land","Parish Land",,13.1290,-59.5721,Barbados,BB,BRB,"Saint George","Saint George",BB-03,parish,,480.4,,,3,America/Barbados,FALSE,1052000015
"Four Cross Roads","Four Cross Roads",,13.1703,-59.5218,Barbados,BB,BRB,"Saint John","Saint John",BB-05,parish,,238.0,,,3,America/Barbados,FALSE,1052761858
"Friendship Terrace","Friendship Terrace",,13.1383,-59.6045,Barbados,BB,BRB,"Saint Michael","Saint Michael",BB-08,parish,,2102.7,,,2,America/Barbados,FALSE,1052667934
Flatfield,Flatfield,,13.3292,-59.6118,Barbados,BB,BRB,"Saint Lucy","Saint Lucy",BB-07,parish,,274.4,,,3,America/Barbados,FALSE,1052419606
Canefield,Canefield,,13.2000,-59.5833,Barbados,BB,BRB,"Saint Joseph","Saint Joseph",BB-06,parish,,352.7,,,3,America/Barbados,FALSE,1052947837
Benab,Benab,,13.2354,-59.5431,Barbados,BB,BRB,"Saint Andrew","Saint Andrew",BB-02,parish,,137.3,,,4,America/Barbados,FALSE,1052528563
"Fairy Valley","Fairy Valley",,13.0791,-59.5057,Barbados,BB,BRB,"Christ Church","Christ Church",BB-01,parish,,929.3,,,3,America/Barbados,FALSE,1052160444
"Spring Vale","Spring Vale",,13.2048,-59.5754,Barbados,BB,BRB,"Saint Andrew","Saint Andrew",BB-02,parish,,352.7,,,3,America/Barbados,FALSE,1052000039
Welchtown,Welchtown,,13.2667,-59.5833,Barbados,BB,BRB,"Saint Peter","Saint Peter",BB-09,parish,,137.3,,,4,America/Barbados,FALSE,1052980096
"Saint Elizabeths","Saint Elizabeths",,13.2070,-59.5261,Barbados,BB,BRB,"Saint Joseph","Saint Joseph",BB-06,parish,,252.1,,,3,America/Barbados,FALSE,1052136372
Swanns,Swanns,,13.2363,-59.5930,Barbados,BB,BRB,"Saint Andrew","Saint Andrew",BB-02,parish,,141.5,,,4,America/Barbados,FALSE,1052023441
Heywoods,Heywoods,"Heywoods Village",13.2573,-59.6433,Barbados,BB,BRB,"Saint Peter","Saint Peter",BB-09,parish,,325.8,,,3,America/Barbados,FALSE,1052497891
Bairds,Bairds,,13.1500,-59.5333,Barbados,BB,BRB,"Saint George","Saint George",BB-03,parish,,472.3,,,3,America/Barbados,FALSE,1052685861
Union,Union,,13.1333,-59.5333,Barbados,BB,BRB,"Saint George","Saint George",BB-03,parish,,472.3,,,3,America/Barbados,FALSE,1052720288
"Chalky Mount","Chalky Mount",,13.2333,-59.5500,Barbados,BB,BRB,"Saint Andrew","Saint Andrew",BB-02,parish,,148.1,,,4,America/Barbados,FALSE,1052000048
"Bel Air","Bel Air",,13.1167,-59.4333,Barbados,BB,BRB,"Saint Philip","Saint Philip",BB-10,parish,,608.8,,,3,America/Barbados,FALSE,1052858454
"Cane Garden","Cane Garden",,13.2169,-59.5595,Barbados,BB,BRB,"Saint Joseph","Saint Joseph",BB-06,parish,,173.8,,,4,America/Barbados,FALSE,1052000036
Verdun,Verdun,Cheshire,13.1833,-59.5000,Barbados,BB,BRB,"Saint John","Saint John",BB-05,parish,,238.0,,,3,America/Barbados,FALSE,1052160944
"Sweet Bottom","Sweet Bottom","Sweet Vale",13.1667,-59.5500,Barbados,BB,BRB,"Saint George","Saint George",BB-03,parish,,430.2,,,3,America/Barbados,FALSE,1052950380
"Grand View","Grand View",,13.1648,-59.6015,Barbados,BB,BRB,"Saint Thomas","Saint Thomas",BB-11,parish,,453.0,,,3,America/Barbados,FALSE,1052000004
Hope,Hope,,13.3196,-59.6043,Barbados,BB,BRB,"Saint Lucy","Saint Lucy",BB-07,parish,,274.4,,,3,America/Barbados,FALSE,1052506979
"Ruby Park","Ruby Park",,13.1264,-59.4438,Barbados,BB,BRB,"Saint Philip","Saint Philip",BB-10,parish,,608.8,,,3,America/Barbados,FALSE,1052000079
"Windy Hill","Windy Hill",,13.2456,-59.5556,Barbados,BB,BRB,"Saint Andrew","Saint Andrew",BB-02,parish,,137.3,,,4,America/Barbados,FALSE,1052038280
"Massiah Street","Massiah Street",Rosegate,13.1631,-59.4864,Barbados,BB,BRB,"Saint John","Saint John",BB-05,parish,,238.0,,,3,America/Barbados,FALSE,1052736998
Cottage,Cottage,,13.1521,-59.5524,Barbados,BB,BRB,"Saint George","Saint George",BB-03,parish,,472.3,,,3,America/Barbados,FALSE,1052163077
"Mapp Hill","Mapp Hill",,13.1065,-59.5736,Barbados,BB,BRB,"Saint Michael","Saint Michael",BB-08,parish,,1540.3,,,3,America/Barbados,FALSE,1052155051
Cottage,Cottage,,13.2957,-59.6050,Barbados,BB,BRB,"Saint Lucy","Saint Lucy",BB-07,parish,,274.4,,,3,America/Barbados,FALSE,1052068471
"Moore Hill","Moore Hill",,13.2769,-59.5947,Barbados,BB,BRB,"Saint Peter","Saint Peter",BB-09,parish,,325.8,,,3,America/Barbados,FALSE,1052927447
Fairfield,Fairfield,,13.3000,-59.6167,Barbados,BB,BRB,"Saint Lucy","Saint Lucy",BB-07,parish,,274.4,,,3,America/Barbados,FALSE,1052602477
"Saint Helens","Saint Helens",,13.1529,-59.5661,Barbados,BB,BRB,"Saint George","Saint George",BB-03,parish,,472.3,,,3,America/Barbados,FALSE,1052000052
Bridgefield,Bridgefield,,13.1585,-59.5900,Barbados,BB,BRB,"Saint Thomas","Saint Thomas",BB-11,parish,,453.0,,,3,America/Barbados,FALSE,1052729346
Belair,Belair,,13.1542,-59.5636,Barbados,BB,BRB,"Saint George","Saint George",BB-03,parish,,472.3,,,3,America/Barbados,FALSE,1052088859
"Rock Hall","Rock Hall",,13.1901,-59.6067,Barbados,BB,BRB,"Saint Thomas","Saint Thomas",BB-11,parish,,453.0,,,3,America/Barbados,FALSE,1052640245
Seaview,Seaview,,13.3221,-59.6007,Barbados,BB,BRB,"Saint Lucy","Saint Lucy",BB-07,parish,,274.4,,,3,America/Barbados,FALSE,1052335042
Rugby,Rugby,,13.1617,-59.5899,Barbados,BB,BRB,"Saint Thomas","Saint Thomas",BB-11,parish,,453.0,,,3,America/Barbados,FALSE,1052000063
"Foster Hall","Foster Hall",,13.2075,-59.5141,Barbados,BB,BRB,"Saint Joseph","Saint Joseph",BB-06,parish,,241.9,,,3,America/Barbados,FALSE,1052449124
"Foster Hall","Foster Hall",,13.1326,-59.5729,Barbados,BB,BRB,"Saint George","Saint George",BB-03,parish,,480.4,,,3,America/Barbados,FALSE,1052583510
"Sandy Lane","Sandy Lane",,13.1732,-59.6356,Barbados,BB,BRB,"Saint James","Saint James",BB-04,parish,,1011.1,,,3,America/Barbados,FALSE,1052593589
Summervale,Summervale,,13.1333,-59.4667,Barbados,BB,BRB,"Saint Philip","Saint Philip",BB-10,parish,,608.8,,,3,America/Barbados,FALSE,1052987816
"The Rock","The Rock",,13.2520,-59.6195,Barbados,BB,BRB,"Saint Peter","Saint Peter",BB-09,parish,,325.8,,,3,America/Barbados,FALSE,1052000035
Salters,Salters,,13.1211,-59.5728,Barbados,BB,BRB,"Saint George","Saint George",BB-03,parish,,760.1,,,3,America/Barbados,FALSE,1052516178
Merricks,Merricks,,13.1470,-59.4292,Barbados,BB,BRB,"Saint Philip","Saint Philip",BB-10,parish,,608.8,,,3,America/Barbados,FALSE,1052347932
Husbands,Husbands,,13.1500,-59.6333,Barbados,BB,BRB,"Saint James","Saint James",BB-04,parish,,1011.1,,,3,America/Barbados,FALSE,1052313140
"Coach Hill","Coach Hill",,13.1782,-59.4826,Barbados,BB,BRB,"Saint John","Saint John",BB-05,parish,,238.0,,,3,America/Barbados,FALSE,1052888154
"White Hill","White Hill",,13.1622,-59.5965,Barbados,BB,BRB,"Saint Thomas","Saint Thomas",BB-11,parish,,453.0,,,3,America/Barbados,FALSE,1052000064
"Roebuck Street","Roebuck Street",,13.1726,-59.5056,Barbados,BB,BRB,"Saint John","Saint John",BB-05,parish,,238.0,,,3,America/Barbados,FALSE,1052000067
"Watts Village","Watts Village",,13.1097,-59.5463,Barbados,BB,BRB,"Saint George","Saint George",BB-03,parish,,473.3,,,3,America/Barbados,FALSE,1052054296
"Allen View","Allen View",,13.1867,-59.5741,Barbados,BB,BRB,"Saint Thomas","Saint Thomas",BB-11,parish,,453.0,,,3,America/Barbados,FALSE,1052622988
Thorpes,Thorpes,,13.1571,-59.6266,Barbados,BB,BRB,"Saint James","Saint James",BB-04,parish,,1011.1,,,3,America/Barbados,FALSE,1052000060
"Lemon Arbour","Lemon Arbour",,13.1667,-59.5333,Barbados,BB,BRB,"Saint John","Saint John",BB-05,parish,,252.9,,,3,America/Barbados,FALSE,1052082374
Harrismith,Harrismith,,13.1341,-59.4310,Barbados,BB,BRB,"Saint Philip","Saint Philip",BB-10,parish,,608.8,,,3,America/Barbados,FALSE,1052974499
"Mount Gay","Mount Gay",,13.2920,-59.6133,Barbados,BB,BRB,"Saint Lucy","Saint Lucy",BB-07,parish,,274.4,,,3,America/Barbados,FALSE,1052835072
Salmond,Salmond,,13.3261,-59.6339,Barbados,BB,BRB,"Saint Lucy","Saint Lucy",BB-07,parish,,274.4,,,3,America/Barbados,FALSE,1052193089
"Luke Hill","Luke Hill",,13.2814,-59.6178,Barbados,BB,BRB,"Saint Lucy","Saint Lucy",BB-07,parish,,319.3,,,3,America/Barbados,FALSE,1052875654
"Work Hall","Work Hall",Workhall,13.1167,-59.4500,Barbados,BB,BRB,"Saint Philip","Saint Philip",BB-10,parish,,608.8,,,3,America/Barbados,FALSE,1052620548
"Dash Valley","Dash Valley",,13.1109,-59.5651,Barbados,BB,BRB,"Saint George","Saint George",BB-03,parish,,472.3,,,3,America/Barbados,FALSE,1052691333
Valley,Valley,,13.1323,-59.5645,Barbados,BB,BRB,"Saint George","Saint George",BB-03,parish,,472.3,,,3,America/Barbados,FALSE,1052146887
"Long Bay","Long Bay",,13.1232,-59.4384,Barbados,BB,BRB,"Saint Philip","Saint Philip",BB-10,parish,,608.8,,,3,America/Barbados,FALSE,1052000078
Brighton,Brighton,,13.1200,-59.6240,Barbados,BB,BRB,"Saint George","Saint George",BB-03,parish,,472.3,,,3,America/Barbados,FALSE,1052691531
"Well Road","Well Road",,13.3081,-59.5862,Barbados,BB,BRB,"Saint Lucy","Saint Lucy",BB-07,parish,,274.4,,,3,America/Barbados,FALSE,1052513725
Sandford,Sandford,,13.1411,-59.4552,Barbados,BB,BRB,"Saint Philip","Saint Philip",BB-10,parish,,608.8,,,3,America/Barbados,FALSE,1052080653
"Ashton Hall","Ashton Hall",,13.2593,-59.6305,Barbados,BB,BRB,"Saint Peter","Saint Peter",BB-09,parish,,325.8,,,3,America/Barbados,FALSE,1052469090
"Apple Hall","Apple Hall",,13.1414,-59.4316,Barbados,BB,BRB,"Saint Philip","Saint Philip",BB-10,parish,,608.8,,,3,America/Barbados,FALSE,1052000051
Greenwich,Greenwich,,13.1982,-59.6218,Barbados,BB,BRB,"Saint James","Saint James",BB-04,parish,,1011.1,,,3,America/Barbados,FALSE,1052409711
Roaches,Roaches,,13.3321,-59.6165,Barbados,BB,BRB,"Saint Lucy","Saint Lucy",BB-07,parish,,274.4,,,3,America/Barbados,FALSE,1052000005
Ruby,Ruby,,13.1333,-59.4500,Barbados,BB,BRB,"Saint Philip","Saint Philip",BB-10,parish,,608.8,,,3,America/Barbados,FALSE,1052590396
Thicket,Thicket,,13.1576,-59.4627,Barbados,BB,BRB,"Saint Philip","Saint Philip",BB-10,parish,,608.8,,,3,America/Barbados,FALSE,1052439469
Jezreel,Jezreel,,13.1315,-59.4492,Barbados,BB,BRB,"Saint Philip","Saint Philip",BB-10,parish,,608.8,,,3,America/Barbados,FALSE,1052834917
Bromefield,Bromefield,"Brome Field",13.2958,-59.6434,Barbados,BB,BRB,"Saint Lucy","Saint Lucy",BB-07,parish,,274.4,,,3,America/Barbados,FALSE,1052081466
Fitts,Fitts,,13.1511,-59.6357,Barbados,BB,BRB,"Saint James","Saint James",BB-04,parish,,1011.1,,,3,America/Barbados,FALSE,1052661725
"Church View","Church View",,13.1833,-59.5000,Barbados,BB,BRB,"Saint John","Saint John",BB-05,parish,,238.0,,,3,America/Barbados,FALSE,1052115837
Supers,Supers,,13.1680,-59.4652,Barbados,BB,BRB,"Saint Philip","Saint Philip",BB-10,parish,,590.4,,,3,America/Barbados,FALSE,1052288414
Blades,Blades,,13.1000,-59.4667,Barbados,BB,BRB,"Saint Philip","Saint Philip",BB-10,parish,,608.8,,,3,America/Barbados,FALSE,1052905066
Content,Content,,13.1834,-59.6050,Barbados,BB,BRB,"Saint Thomas","Saint Thomas",BB-11,parish,,453.0,,,3,America/Barbados,FALSE,1052000058
Melverton,Melverton,,13.1307,-59.5225,Barbados,BB,BRB,"Saint George","Saint George",BB-03,parish,,472.3,,,3,America/Barbados,FALSE,1052903814
Cheltenham,Cheltenham,,13.2299,-59.5780,Barbados,BB,BRB,"Saint Andrew","Saint Andrew",BB-02,parish,,137.3,,,4,America/Barbados,FALSE,1052000055
"Drax Hall Woods","Drax Hall Woods","Draxhall Woods",13.1362,-59.5172,Barbados,BB,BRB,"Saint George","Saint George",BB-03,parish,,472.3,,,3,America/Barbados,FALSE,1052190750
"Small Hope","Small Hope",,13.1821,-59.5050,Barbados,BB,BRB,"Saint John","Saint John",BB-05,parish,,238.0,,,3,America/Barbados,FALSE,1052384040
Breedy’s,Breedy's,,13.2500,-59.5833,Barbados,BB,BRB,"Saint Andrew","Saint Andrew",BB-02,parish,,137.3,,,4,America/Barbados,FALSE,1052332583
Harris,Harris,,13.3107,-59.6176,Barbados,BB,BRB,"Saint Lucy","Saint Lucy",BB-07,parish,,274.4,,,3,America/Barbados,FALSE,1052544993
Jemmotts,Jemmotts,,13.3038,-59.6078,Barbados,BB,BRB,"Saint Lucy","Saint Lucy",BB-07,parish,,274.4,,,3,America/Barbados,FALSE,1052181513
"Mount View","Mount View",,13.3029,-59.6004,Barbados,BB,BRB,"Saint Lucy","Saint Lucy",BB-07,parish,,274.4,,,3,America/Barbados,FALSE,1052463749
Packers,Packers,,13.1000,-59.5020,Barbados,BB,BRB,"Christ Church","Christ Church",BB-01,parish,,929.3,,,3,America/Barbados,FALSE,1052843655
"Ocean City","Ocean City",,13.0948,-59.4587,Barbados,BB,BRB,"Saint Philip","Saint Philip",BB-10,parish,,608.8,,,3,America/Barbados,FALSE,1052935131
Warrens,Warrens,,13.1500,-59.6000,Barbados,BB,BRB,"Saint Thomas","Saint Thomas",BB-11,parish,,1260.8,,,3,America/Barbados,FALSE,1052161128
"Spring Garden","Spring Garden",,13.3153,-59.6023,Barbados,BB,BRB,"Saint Lucy","Saint Lucy",BB-07,parish,,274.4,,,3,America/Barbados,FALSE,1052000029
Palmers,Palmers,,13.1704,-59.4779,Barbados,BB,BRB,"Saint John","Saint John",BB-05,parish,,238.0,,,3,America/Barbados,FALSE,1052128111
"Saint Simons","Saint Simons",,13.2332,-59.5754,Barbados,BB,BRB,"Saint Andrew","Saint Andrew",BB-02,parish,,137.3,,,4,America/Barbados,FALSE,1052000054
Hothersal,Hothersal,,13.1934,-59.5134,Barbados,BB,BRB,"Saint John","Saint John",BB-05,parish,,238.0,,,3,America/Barbados,FALSE,1052414669
"Half Acre","Half Acre",,13.2972,-59.6179,Barbados,BB,BRB,"Saint Lucy","Saint Lucy",BB-07,parish,,274.4,,,3,America/Barbados,FALSE,1052199711
Trents,Trents,,13.1915,-59.6319,Barbados,BB,BRB,"Saint James","Saint James",BB-04,parish,,1011.1,,,3,America/Barbados,FALSE,1052890659
"Martins Bay","Martins Bay",,13.1970,-59.4961,Barbados,BB,BRB,"Saint John","Saint John",BB-05,parish,,238.0,,,3,America/Barbados,FALSE,1052871049
Trents,Trents,,13.2982,-59.6280,Barbados,BB,BRB,"Saint Lucy","Saint Lucy",BB-07,parish,,274.4,,,3,America/Barbados,FALSE,1052392134
Chimborazo,Chimborazo,,13.2000,-59.5500,Barbados,BB,BRB,"Saint Joseph","Saint Joseph",BB-06,parish,,252.1,,,3,America/Barbados,FALSE,1052735006
"Market Hill","Market Hill",,13.1588,-59.5593,Barbados,BB,BRB,"Saint George","Saint George",BB-03,parish,,465.1,,,3,America/Barbados,FALSE,1052399557
Hoytes,Hoytes,,13.1639,-59.6212,Barbados,BB,BRB,"Saint James","Saint James",BB-04,parish,,1011.1,,,3,America/Barbados,FALSE,1052907969
Alexandra,Alexandra,,13.2933,-59.6017,Barbados,BB,BRB,"Saint Lucy","Saint Lucy",BB-07,parish,,274.4,,,3,America/Barbados,FALSE,1052913169
Oxford,Oxford,,13.2833,-59.6000,Barbados,BB,BRB,"Saint Peter","Saint Peter",BB-09,parish,,325.8,,,3,America/Barbados,FALSE,1052223285
"Coles Cave","Coles Cave",,13.1833,-59.5667,Barbados,BB,BRB,"Saint John","Saint John",BB-05,parish,,453.0,,,3,America/Barbados,FALSE,1052308903
Lowthers,Lowthers,,13.0944,-59.4973,Barbados,BB,BRB,"Christ Church","Christ Church",BB-01,parish,,927.5,,,3,America/Barbados,FALSE,1052682422
"Sugar Hill","Sugar Hill",,13.1935,-59.5574,Barbados,BB,BRB,"Saint Joseph","Saint Joseph",BB-06,parish,,252.1,,,3,America/Barbados,FALSE,1052626128
"Six Cross Roads","Six Cross Roads",,13.1167,-59.4833,Barbados,BB,BRB,"Saint Philip","Saint Philip",BB-10,parish,,608.8,,,3,America/Barbados,FALSE,1052384469
"Rock Hall","Rock Hall",,13.2383,-59.5997,Barbados,BB,BRB,"Saint Peter","Saint Peter",BB-09,parish,,141.5,,,4,America/Barbados,FALSE,1052500559
"Below Rock","Below Rock",,13.0585,-59.5305,Barbados,BB,BRB,"Christ Church","Christ Church",BB-01,parish,,929.3,,,3,America/Barbados,FALSE,1052000010
"Diamond Valley","Diamond Valley",,13.1137,-59.4474,Barbados,BB,BRB,"Saint Philip","Saint Philip",BB-10,parish,,608.8,,,3,America/Barbados,FALSE,1052906415
Edey,Edey,,13.1000,-59.5333,Barbados,BB,BRB,"Christ Church","Christ Church",BB-01,parish,,929.3,,,3,America/Barbados,FALSE,1052045450
"The Potteries","The Potteries",,13.2346,-59.5535,Barbados,BB,BRB,"Saint Andrew","Saint Andrew",BB-02,parish,,137.3,,,4,America/Barbados,FALSE,1052000007
"Blades Hill","Blades Hill",,13.1500,-59.4500,Barbados,BB,BRB,"Saint Philip","Saint Philip",BB-10,parish,,608.8,,,3,America/Barbados,FALSE,1052378110
Blowers,Blowers,,13.2000,-59.6167,Barbados,BB,BRB,"Saint Thomas","Saint Thomas",BB-11,parish,,1011.1,,,3,America/Barbados,FALSE,1052532575
Prospect,Prospect,,13.1468,-59.6372,Barbados,BB,BRB,"Saint James","Saint James",BB-04,parish,,1011.1,,,3,America/Barbados,FALSE,1052524965
Prospect,Prospect,,13.2599,-59.5980,Barbados,BB,BRB,"Saint Peter","Saint Peter",BB-09,parish,,265.7,,,3,America/Barbados,FALSE,1052603761
"The Glebe","The Glebe",,13.1331,-59.5626,Barbados,BB,BRB,"Saint George","Saint George",BB-03,parish,,472.3,,,3,America/Barbados,FALSE,1052508857
Eastbourne,Eastbourne,,13.1335,-59.4386,Barbados,BB,BRB,"Saint Philip","Saint Philip",BB-10,parish,,608.8,,,3,America/Barbados,FALSE,1052005644
"Inch Marlowe","Inch Marlowe",,13.0517,-59.5129,Barbados,BB,BRB,"Christ Church","Christ Church",BB-01,parish,,929.3,,,3,America/Barbados,FALSE,1052218923
"Mount Stepney","Mount Stepney",,13.2779,-59.5832,Barbados,BB,BRB,"Saint Peter","Saint Peter",BB-09,parish,,154.6,,,4,America/Barbados,FALSE,1052510198
"Golden Ridge","Golden Ridge",,13.1624,-59.5457,Barbados,BB,BRB,"Saint George","Saint George",BB-03,parish,,472.3,,,3,America/Barbados,FALSE,1052084941
"Joes River","Joes River",,13.2167,-59.5333,Barbados,BB,BRB,"Saint Joseph","Saint Joseph",BB-06,parish,,252.1,,,3,America/Barbados,FALSE,1052823079
Castle,Castle,,13.2845,-59.5971,Barbados,BB,BRB,"Saint Peter","Saint Peter",BB-09,parish,,321.8,,,3,America/Barbados,FALSE,1052769132
"Braggs Hill","Braggs Hill",,13.1924,-59.5556,Barbados,BB,BRB,"Saint Joseph","Saint Joseph",BB-06,parish,,252.1,,,3,America/Barbados,FALSE,1052000049
"Lucas Street","Lucas Street",,13.1295,-59.4561,Barbados,BB,BRB,"Saint Philip","Saint Philip",BB-10,parish,,608.8,,,3,America/Barbados,FALSE,1052767316
Bonwell,Bonwell,,13.1923,-59.5403,Barbados,BB,BRB,"Saint Joseph","Saint Joseph",BB-06,parish,,252.1,,,3,America/Barbados,FALSE,1052690940
Hopewell,Hopewell,,13.0500,-59.5167,Barbados,BB,BRB,"Christ Church","Christ Church",BB-01,parish,,929.3,,,3,America/Barbados,FALSE,1052868035
"Four Roads","Four Roads",,13.1000,-59.4667,Barbados,BB,BRB,"Saint Philip","Saint Philip",BB-10,parish,,608.8,,,3,America/Barbados,FALSE,1052299057
"White Hall","White Hall",,13.2571,-59.6223,Barbados,BB,BRB,"Saint Peter","Saint Peter",BB-09,parish,,325.8,,,3,America/Barbados,FALSE,1052851111
"Green Hill","Green Hill",,13.1365,-59.6035,Barbados,BB,BRB,"Saint Michael","Saint Michael",BB-08,parish,,2102.7,,,2,America/Barbados,FALSE,1052726028
"Church Village","Church Village",,13.1333,-59.4833,Barbados,BB,BRB,"Saint Philip","Saint Philip",BB-10,parish,,608.8,,,3,America/Barbados,FALSE,1052100572
Ridge,Ridge,,13.1011,-59.5337,Barbados,BB,BRB,"Christ Church","Christ Church",BB-01,parish,,929.3,,,3,America/Barbados,FALSE,1052000013
Haynesville,Haynesville,,13.1551,-59.6283,Barbados,BB,BRB,"Saint James","Saint James",BB-04,parish,,1011.1,,,3,America/Barbados,FALSE,1052191194
"Round Rock","Round Rock",,13.0506,-59.5122,Barbados,BB,BRB,"Christ Church","Christ Church",BB-01,parish,,929.3,,,3,America/Barbados,FALSE,1052121967
Lowland,Lowland,Lowlands,13.0877,-59.5218,Barbados,BB,BRB,"Christ Church","Christ Church",BB-01,parish,,929.3,,,3,America/Barbados,FALSE,1052939037
"Pilgrim Road","Pilgrim Road",,13.0791,-59.5099,Barbados,BB,BRB,"Christ Church","Christ Church",BB-01,parish,,929.3,,,3,America/Barbados,FALSE,1052803168
Weston,Weston,,13.2190,-59.6391,Barbados,BB,BRB,"Saint James","Saint James",BB-04,parish,,1011.1,,,3,America/Barbados,FALSE,1052901505
Bissex,Bissex,,13.2167,-59.5500,Barbados,BB,BRB,"Saint Joseph","Saint Joseph",BB-06,parish,,252.1,,,3,America/Barbados,FALSE,1052930601
Seaview,Seaview,,13.0644,-59.5025,Barbados,BB,BRB,"Christ Church","Christ Church",BB-01,parish,,929.3,,,3,America/Barbados,FALSE,1052840377
"Chancery Lane","Chancery Lane",,13.0667,-59.5000,Barbados,BB,BRB,"Christ Church","Christ Church",BB-01,parish,,929.3,,,3,America/Barbados,FALSE,1052393223
Seaview,Seaview,,13.1852,-59.6197,Barbados,BB,BRB,"Saint James","Saint James",BB-04,parish,,995.0,,,3,America/Barbados,FALSE,1052983227
Jackson,Jackson,,13.1462,-59.6025,Barbados,BB,BRB,"Saint Michael","Saint Michael",BB-08,parish,,1754.8,,,3,America/Barbados,FALSE,1052331745
"Upper Salmonds","Upper Salmonds",,13.3158,-59.5940,Barbados,BB,BRB,"Saint Lucy","Saint Lucy",BB-07,parish,,274.4,,,3,America/Barbados,FALSE,1052203767
Lion,Lion,,13.1333,-59.5500,Barbados,BB,BRB,"Saint George","Saint George",BB-03,parish,,472.3,,,3,America/Barbados,FALSE,1052747342
Bloomsbury,Bloomsbury,,13.1936,-59.5730,Barbados,BB,BRB,"Saint Thomas","Saint Thomas",BB-11,parish,,433.7,,,3,America/Barbados,FALSE,1052882908
"Ellis Castle","Ellis Castle",,13.2833,-59.5833,Barbados,BB,BRB,"Saint Peter","Saint Peter",BB-09,parish,,154.6,,,4,America/Barbados,FALSE,1052418846
Greens,Greens,,13.1490,-59.5247,Barbados,BB,BRB,"Saint George","Saint George",BB-03,parish,,468.6,,,3,America/Barbados,FALSE,1052176089
"Glebe Land","Glebe Land",,13.1818,-59.4930,Barbados,BB,BRB,"Saint John","Saint John",BB-05,parish,,238.0,,,3,America/Barbados,FALSE,1052268271
Fortescue,Fortescue,,13.1723,-59.4589,Barbados,BB,BRB,"Saint Philip","Saint Philip",BB-10,parish,,590.4,,,3,America/Barbados,FALSE,1052138098
"Staple Grove","Staple Grove",,13.0981,-59.5477,Barbados,BB,BRB,"Christ Church","Christ Church",BB-01,parish,,929.3,,,3,America/Barbados,FALSE,1052000012
Ashbury,Ashbury,,13.1665,-59.5401,Barbados,BB,BRB,"Saint George","Saint George",BB-03,parish,,472.3,,,3,America/Barbados,FALSE,1052557936
Maycock,Maycock,,13.2895,-59.6425,Barbados,BB,BRB,"Saint Lucy","Saint Lucy",BB-07,parish,,274.4,,,3,America/Barbados,FALSE,1052829945
Redmans,Redmans,,13.1594,-59.6112,Barbados,BB,BRB,"Saint Thomas","Saint Thomas",BB-11,parish,,545.2,,,3,America/Barbados,FALSE,1052221109
"Small Town","Small Town",,13.1776,-59.5057,Barbados,BB,BRB,"Saint John","Saint John",BB-05,parish,,238.0,,,3,America/Barbados,FALSE,1052805009
Ebenezer,Ebenezer,,13.1271,-59.5002,Barbados,BB,BRB,"Saint Philip","Saint Philip",BB-10,parish,,602.5,,,3,America/Barbados,FALSE,1052501625
"Flat Rock","Flat Rock",,13.1459,-59.5717,Barbados,BB,BRB,"Saint George","Saint George",BB-03,parish,,472.3,,,3,America/Barbados,FALSE,1052067023
"Saint Andrews","Saint Andrews",,13.2500,-59.5500,Barbados,BB,BRB,"Saint Andrew","Saint Andrew",BB-02,parish,,137.3,,,4,America/Barbados,FALSE,1052350108
"Crab Hill","Crab Hill",,13.3167,-59.6333,Barbados,BB,BRB,"Saint Lucy","Saint Lucy",BB-07,parish,,274.4,,,3,America/Barbados,FALSE,1052782838
Gibbes,Gibbes,Gibbs,13.2331,-59.6404,Barbados,BB,BRB,"Saint Peter","Saint Peter",BB-09,parish,,441.2,,,3,America/Barbados,FALSE,1052968745
Roebuck,Roebuck,,13.2479,-59.5991,Barbados,BB,BRB,"Saint Peter","Saint Peter",BB-09,parish,,176.0,,,4,America/Barbados,FALSE,1052000044
Quintyne,Quintyne,,13.1861,-59.4915,Barbados,BB,BRB,"Saint John","Saint John",BB-05,parish,,238.0,,,3,America/Barbados,FALSE,1052000070
"Walkes Spring","Walkes Spring",,13.1785,-59.5687,Barbados,BB,BRB,"Saint Thomas","Saint Thomas",BB-11,parish,,453.0,,,3,America/Barbados,FALSE,1052364797
"Upper Parks","Upper Parks",,13.2078,-59.5589,Barbados,BB,BRB,"Saint Joseph","Saint Joseph",BB-06,parish,,252.1,,,3,America/Barbados,FALSE,1052161311
Gemswick,Gemswick,,13.0866,-59.4708,Barbados,BB,BRB,"Saint Philip","Saint Philip",BB-10,parish,,608.8,,,3,America/Barbados,FALSE,1052846353
Dayrells,Dayrells,,13.1411,-59.5821,Barbados,BB,BRB,"Saint Michael","Saint Michael",BB-08,parish,,1567.6,,,3,America/Barbados,FALSE,1052000023
Cattlewash,Cattlewash,,13.2193,-59.5311,Barbados,BB,BRB,"Saint Joseph","Saint Joseph",BB-06,parish,,252.1,,,3,America/Barbados,FALSE,1052421405
"Orange Hill","Orange Hill",,13.2513,-59.6044,Barbados,BB,BRB,"Saint Peter","Saint Peter",BB-09,parish,,325.8,,,3,America/Barbados,FALSE,1052870708
"Six Mens","Six Mens",,13.2677,-59.6427,Barbados,BB,BRB,"Saint Peter","Saint Peter",BB-09,parish,,317.0,,,3,America/Barbados,FALSE,1052290678
Rockfield,Rockfield,,13.3110,-59.5886,Barbados,BB,BRB,"Saint Lucy","Saint Lucy",BB-07,parish,,274.4,,,3,America/Barbados,FALSE,1052138603
Lears,Lears,,13.1500,-59.5833,Barbados,BB,BRB,"Saint Thomas","Saint Thomas",BB-11,parish,,739.8,,,3,America/Barbados,FALSE,1052023302
"Orange Hill","Orange Hill",,13.2093,-59.6060,Barbados,BB,BRB,"Saint James","Saint James",BB-04,parish,,1010.3,,,3,America/Barbados,FALSE,1052000000
"Congo Road","Congo Road",,13.1249,-59.4634,Barbados,BB,BRB,"Saint Philip","Saint Philip",BB-10,parish,,608.8,,,3,America/Barbados,FALSE,1052736833
River,River,,13.1333,-59.4333,Barbados,BB,BRB,"Saint Philip","Saint Philip",BB-10,parish,,608.8,,,3,America/Barbados,FALSE,1052095089
"Black Bess","Black Bess",,13.2409,-59.6162,Barbados,BB,BRB,"Saint Peter","Saint Peter",BB-09,parish,,332.2,,,3,America/Barbados,FALSE,1052000002
Waterford,Waterford,,13.1140,-59.6003,Barbados,BB,BRB,"Saint Michael","Saint Michael",BB-08,parish,,2102.7,,,2,America/Barbados,FALSE,1052585916
Moores,Moores,,13.1737,-59.5008,Barbados,BB,BRB,"Saint John","Saint John",BB-05,parish,,238.0,,,3,America/Barbados,FALSE,1052232090
"Connell Town","Connell Town",,13.3267,-59.6153,Barbados,BB,BRB,"Saint Lucy","Saint Lucy",BB-07,parish,,274.4,,,3,America/Barbados,FALSE,1052207616
Padmore,Padmore,,13.1339,-59.4768,Barbados,BB,BRB,"Saint Philip","Saint Philip",BB-10,parish,,608.8,,,3,America/Barbados,FALSE,1052192543
Clermont,Clermont,,13.1439,-59.6147,Barbados,BB,BRB,"Saint Michael","Saint Michael",BB-08,parish,,1260.8,,,3,America/Barbados,FALSE,1052756962
Henley,Henley,,13.1167,-59.5000,Barbados,BB,BRB,"Saint John","Saint John",BB-05,parish,,347.5,,,3,America/Barbados,FALSE,1052920455
"Silver Sands","Silver Sands",,13.0503,-59.5173,Barbados,BB,BRB,"Christ Church","Christ Church",BB-01,parish,,929.3,,,3,America/Barbados,FALSE,1052185332
Deanes,Deanes,,13.2106,-59.6139,Barbados,BB,BRB,"Saint James","Saint James",BB-04,parish,,1011.1,,,3,America/Barbados,FALSE,1052000042
"White Hill","White Hill",,13.2000,-59.5667,Barbados,BB,BRB,"Saint Andrew","Saint Andrew",BB-02,parish,,137.3,,,4,America/Barbados,FALSE,1052190410
"Sion Hill","Sion Hill",,13.1009,-59.5833,Barbados,BB,BRB,"Christ Church","Christ Church",BB-01,parish,,929.3,,,3,America/Barbados,FALSE,1052382282
"Sion Hill","Sion Hill",,13.2278,-59.6220,Barbados,BB,BRB,"Saint James","Saint James",BB-04,parish,,812.0,,,3,America/Barbados,FALSE,1052293464
Endeavour,Endeavour,,13.2056,-59.6054,Barbados,BB,BRB,"Saint James","Saint James",BB-04,parish,,900.4,,,3,America/Barbados,FALSE,1052267594
"Boarded Hall","Boarded Hall",,13.2145,-59.5675,Barbados,BB,BRB,"Saint Joseph","Saint Joseph",BB-06,parish,,161.9,,,4,America/Barbados,FALSE,1052000037
Coverley,Coverley,Coverly,13.0814,-59.5016,Barbados,BB,BRB,"Christ Church","Christ Church",BB-01,parish,,929.3,,,3,America/Barbados,FALSE,1052309488
"Saint Margarets","Saint Margarets",,13.2008,-59.5026,Barbados,BB,BRB,"Saint John","Saint John",BB-05,parish,,238.0,,,3,America/Barbados,FALSE,1052351788
"Boarded Hall","Boarded Hall",,13.1081,-59.5419,Barbados,BB,BRB,"Christ Church","Christ Church",BB-01,parish,,929.3,,,3,America/Barbados,FALSE,1052448799
Halls,Halls,,13.1533,-59.6230,Barbados,BB,BRB,"Saint James","Saint James",BB-04,parish,,1011.1,,,3,America/Barbados,FALSE,1052000061
"Cottage Vale","Cottage Vale",,13.0500,-59.5333,Barbados,BB,BRB,"Saint Philip","Saint Philip",BB-10,parish,,608.8,,,3,America/Barbados,FALSE,1052689707
French,French,,13.2625,-59.6065,Barbados,BB,BRB,"Saint Peter","Saint Peter",BB-09,parish,,325.8,,,3,America/Barbados,FALSE,1052223762
Carrington,Carrington,,13.1976,-59.5796,Barbados,BB,BRB,"Saint Thomas","Saint Thomas",BB-11,parish,,453.0,,,3,America/Barbados,FALSE,1052001278
Walkers,Walkers,,13.2449,-59.5759,Barbados,BB,BRB,"Saint Andrew","Saint Andrew",BB-02,parish,,137.3,,,4,America/Barbados,FALSE,1052000046
Shorey,Shorey,,13.2609,-59.5732,Barbados,BB,BRB,"Saint Andrew","Saint Andrew",BB-02,parish,,137.3,,,4,America/Barbados,FALSE,1052662666
"Haggatt Hall","Haggatt Hall",,13.1099,-59.5765,Barbados,BB,BRB,"Saint Michael","Saint Michael",BB-08,parish,,2102.7,,,2,America/Barbados,FALSE,1052750536
Kent,Kent,,13.0941,-59.5681,Barbados,BB,BRB,"Christ Church","Christ Church",BB-01,parish,,1581.0,,,3,America/Barbados,FALSE,1052534894
Mangrove,Mangrove,,13.1000,-59.4667,Barbados,BB,BRB,"Saint Philip","Saint Philip",BB-10,parish,,608.8,,,3,America/Barbados,FALSE,1052749864
"College Savannah","College Savannah",,13.1788,-59.4602,Barbados,BB,BRB,"Saint John","Saint John",BB-05,parish,,339.5,,,3,America/Barbados,FALSE,1052171662
"Edge Hill","Edge Hill",,13.1584,-59.6037,Barbados,BB,BRB,"Saint Thomas","Saint Thomas",BB-11,parish,,453.0,,,3,America/Barbados,FALSE,1052311184
"Hannays Tenantry","Hannays Tenantry",,13.1162,-59.5226,Barbados,BB,BRB,"Christ Church","Christ Church",BB-01,parish,,929.3,,,3,America/Barbados,FALSE,1052193197
"Clifton Hill","Clifton Hill",,13.1836,-59.5683,Barbados,BB,BRB,"Saint Thomas","Saint Thomas",BB-11,parish,,453.0,,,3,America/Barbados,FALSE,1052043510
Newbury,Newbury,,13.1500,-59.5500,Barbados,BB,BRB,"Saint George","Saint George",BB-03,parish,,472.3,,,3,America/Barbados,FALSE,1052586052
"Atlantic Shores","Atlantic Shores",,13.0491,-59.5326,Barbados,BB,BRB,"Christ Church","Christ Church",BB-01,parish,,929.3,,,3,America/Barbados,FALSE,1052692117
"Lion Castle Tenantry","Lion Castle Tenantry",,13.1879,-59.5865,Barbados,BB,BRB,"Saint Thomas","Saint Thomas",BB-11,parish,,453.0,,,3,America/Barbados,FALSE,1052776011
"Sargeant Street","Sargeant Street",,13.1761,-59.4788,Barbados,BB,BRB,"Saint John","Saint John",BB-05,parish,,238.0,,,3,America/Barbados,FALSE,1052000031
Belle,Belle,,13.1164,-59.5884,Barbados,BB,BRB,"Saint Michael","Saint Michael",BB-08,parish,,2102.7,,,2,America/Barbados,FALSE,1052175095
"The Crane","The Crane",,13.1056,-59.4456,Barbados,BB,BRB,"Saint Philip","Saint Philip",BB-10,parish,,608.8,,,3,America/Barbados,FALSE,1052366261
Proutes,Proutes,,13.1632,-59.5773,Barbados,BB,BRB,"Saint Thomas","Saint Thomas",BB-11,parish,,453.2,,,3,America/Barbados,FALSE,1052070627
Jackmans,Jackmans,,13.1362,-59.5925,Barbados,BB,BRB,"Saint Michael","Saint Michael",BB-08,parish,,2102.7,,,2,America/Barbados,FALSE,1052640276
"Cave Hill","Cave Hill",,13.3042,-59.5853,Barbados,BB,BRB,"Saint Lucy","Saint Lucy",BB-07,parish,,274.4,,,3,America/Barbados,FALSE,1052849877
Phinneys,Phinneys,,13.1428,-59.4343,Barbados,BB,BRB,"Saint Philip","Saint Philip",BB-10,parish,,608.8,,,3,America/Barbados,FALSE,1052000050
"Folkestone Park","Folkestone Park",,13.1917,-59.6376,Barbados,BB,BRB,"Saint James","Saint James",BB-04,parish,,1011.1,,,3,America/Barbados,FALSE,1052296285
Gays,Gays,,13.2847,-59.5853,Barbados,BB,BRB,"Saint Peter","Saint Peter",BB-09,parish,,325.8,,,3,America/Barbados,FALSE,1052919093
"Pie Corner","Pie Corner",,13.3000,-59.5833,Barbados,BB,BRB,"Saint Lucy","Saint Lucy",BB-07,parish,,274.4,,,3,America/Barbados,FALSE,1052903314
"Checker Hall","Checker Hall",,13.2833,-59.6333,Barbados,BB,BRB,"Saint Lucy","Saint Lucy",BB-07,parish,,274.4,,,3,America/Barbados,FALSE,1052131976
"Frere Pilgrim","Frere Pilgrim",,13.1027,-59.5431,Barbados,BB,BRB,"Christ Church","Christ Church",BB-01,parish,,839.5,,,3,America/Barbados,FALSE,1052880461
Rouen,Rouen,,13.1132,-59.5800,Barbados,BB,BRB,"Saint Michael","Saint Michael",BB-08,parish,,2102.7,,,2,America/Barbados,FALSE,1052072646
Belleplaine,Belleplaine,,13.2500,-59.5667,Barbados,BB,BRB,"Saint Andrew","Saint Andrew",BB-02,parish,,137.3,,,4,America/Barbados,FALSE,1052356920
Glendale,Glendale,,13.1650,-59.5913,Barbados,BB,BRB,"Saint Thomas","Saint Thomas",BB-11,parish,,453.0,,,3,America/Barbados,FALSE,1052000062
Archers,Archers,Archer,13.3185,-59.6392,Barbados,BB,BRB,"Saint Lucy","Saint Lucy",BB-07,parish,,274.4,,,3,America/Barbados,FALSE,1052849302
Nesfield,Nesfield,,13.2926,-59.6232,Barbados,BB,BRB,"Saint Lucy","Saint Lucy",BB-07,parish,,274.4,,,3,America/Barbados,FALSE,1052268931
"Codrington College","Codrington College",Codrington,13.1833,-59.4667,Barbados,BB,BRB,"Saint John","Saint John",BB-05,parish,,238.0,,,3,America/Barbados,FALSE,1052370137
Westmoreland,Westmoreland,,13.2196,-59.6207,Barbados,BB,BRB,"Saint James","Saint James",BB-04,parish,,1011.1,,,3,America/Barbados,FALSE,1052421785
"Hill Crest","Hill Crest",Hillcrest,13.2119,-59.5196,Barbados,BB,BRB,"Saint Joseph","Saint Joseph",BB-06,parish,,252.1,,,3,America/Barbados,FALSE,1052134870
"Rock Dundo","Rock Dundo",,13.2278,-59.6243,Barbados,BB,BRB,"Saint James","Saint James",BB-04,parish,,812.0,,,3,America/Barbados,FALSE,1052731000
"Josey Hill","Josey Hill",,13.3022,-59.5964,Barbados,BB,BRB,"Saint Lucy","Saint Lucy",BB-07,parish,,274.4,,,3,America/Barbados,FALSE,1052826366
"Rock Dundo","Rock Dundo",,13.1324,-59.6116,Barbados,BB,BRB,"Saint Michael","Saint Michael",BB-08,parish,,2102.7,,,2,America/Barbados,FALSE,1052870778
Fustic,Fustic,,13.2789,-59.6475,Barbados,BB,BRB,"Saint Lucy","Saint Lucy",BB-07,parish,,274.4,,,3,America/Barbados,FALSE,1052620166
Sunbury,Sunbury,,13.1167,-59.4833,Barbados,BB,BRB,"Saint Philip","Saint Philip",BB-10,parish,,608.8,,,3,America/Barbados,FALSE,1052961823
Woodbourne,Woodbourne,,13.0833,-59.4833,Barbados,BB,BRB,"Saint Philip","Saint Philip",BB-10,parish,,608.8,,,3,America/Barbados,FALSE,1052442228
"Porey Spring","Porey Spring","Poreys Spring",13.1930,-59.5973,Barbados,BB,BRB,"Saint Thomas","Saint Thomas",BB-11,parish,,453.0,,,3,America/Barbados,FALSE,1052958712
"Parris Hill","Parris Hill",,13.1781,-59.5486,Barbados,BB,BRB,"Saint Joseph","Saint Joseph",BB-06,parish,,267.2,,,3,America/Barbados,FALSE,1052000027
Workmans,Workmans,,13.1412,-59.5492,Barbados,BB,BRB,"Saint George","Saint George",BB-03,parish,,472.3,,,3,America/Barbados,FALSE,1052000072
"Windy Ridge","Windy Ridge",,13.1794,-59.4669,Barbados,BB,BRB,"Saint John","Saint John",BB-05,parish,,238.0,,,3,America/Barbados,FALSE,1052850647
Mount,Mount,,13.1378,-59.5294,Barbados,BB,BRB,"Saint George","Saint George",BB-03,parish,,472.3,,,3,America/Barbados,FALSE,1052096398
"Mount Standfast","Mount Standfast",,13.2046,-59.6341,Barbados,BB,BRB,"Saint James","Saint James",BB-04,parish,,1011.1,,,3,America/Barbados,FALSE,1052284860
Roach,Roach,,13.1580,-59.5640,Barbados,BB,BRB,"Saint George","Saint George",BB-03,parish,,472.3,,,3,America/Barbados,FALSE,1052536045
"Shop Hill","Shop Hill",,13.1632,-59.6011,Barbados,BB,BRB,"Saint Thomas","Saint Thomas",BB-11,parish,,453.0,,,3,America/Barbados,FALSE,1052438108
"Thorpes Cottage","Thorpes Cottage",,13.1396,-59.5662,Barbados,BB,BRB,"Saint George","Saint George",BB-03,parish,,472.3,,,3,America/Barbados,FALSE,1052000019
Warleigh,Warleigh,,13.2467,-59.6282,Barbados,BB,BRB,"Saint Peter","Saint Peter",BB-09,parish,,325.8,,,3,America/Barbados,FALSE,1052605953
Rowans,Rowans,,13.1370,-59.5661,Barbados,BB,BRB,"Saint George","Saint George",BB-03,parish,,472.3,,,3,America/Barbados,FALSE,1052130141
"The Whim","The Whim",,13.2526,-59.6306,Barbados,BB,BRB,"Saint Peter","Saint Peter",BB-09,parish,,325.8,,,3,America/Barbados,FALSE,1052976314
Charnocks,Charnocks,,13.0833,-59.5000,Barbados,BB,BRB,"Christ Church","Christ Church",BB-01,parish,,929.3,,,3,America/Barbados,FALSE,1052410858
"Bushy Park","Bushy Park",,13.1333,-59.4667,Barbados,BB,BRB,"Saint Philip","Saint Philip",BB-10,parish,,608.8,,,3,America/Barbados,FALSE,1052186078
Turnpike,Turnpike,,13.1230,-59.5422,Barbados,BB,BRB,"Saint George","Saint George",BB-03,parish,,472.3,,,3,America/Barbados,FALSE,1052540482
"The Garden","The Garden",,13.2096,-59.6385,Barbados,BB,BRB,"Saint James","Saint James",BB-04,parish,,1011.1,,,3,America/Barbados,FALSE,1052370712
Durants,Durants,,13.1592,-59.6313,Barbados,BB,BRB,"Saint James","Saint James",BB-04,parish,,1011.1,,,3,America/Barbados,FALSE,1052083087
Mapps,Mapps,,13.1423,-59.4512,Barbados,BB,BRB,"Saint Philip","Saint Philip",BB-10,parish,,608.8,,,3,America/Barbados,FALSE,1052000077
"Cliff Cottage","Cliff Cottage",,13.1817,-59.4894,Barbados,BB,BRB,"Saint John","Saint John",BB-05,parish,,238.0,,,3,America/Barbados,FALSE,1052286310
"Locust Hall","Locust Hall",,13.1505,-59.5743,Barbados,BB,BRB,"Saint George","Saint George",BB-03,parish,,472.3,,,3,America/Barbados,FALSE,1052802621
Collins,Collins,,13.2914,-59.5843,Barbados,BB,BRB,"Saint Peter","Saint Peter",BB-09,parish,,325.8,,,3,America/Barbados,FALSE,1052066039
Hopeland,Hopeland,,13.1075,-59.4561,Barbados,BB,BRB,"Saint Philip","Saint Philip",BB-10,parish,,608.8,,,3,America/Barbados,FALSE,1052461665
Bath,Bath,,13.1833,-59.4667,Barbados,BB,BRB,"Saint John","Saint John",BB-05,parish,,238.0,,,3,America/Barbados,FALSE,1052000033
"Grape Hall","Grape Hall",,13.3229,-59.6340,Barbados,BB,BRB,"Saint Lucy","Saint Lucy",BB-07,parish,,274.4,,,3,America/Barbados,FALSE,1052878050
"Melvin Hill","Melvin Hill",,13.2043,-59.5589,Barbados,BB,BRB,"Saint Joseph","Saint Joseph",BB-06,parish,,252.1,,,3,America/Barbados,FALSE,1052769352
"Tent Bay","Tent Bay",,13.2103,-59.5170,Barbados,BB,BRB,"Saint Joseph","Saint Joseph",BB-06,parish,,252.1,,,3,America/Barbados,FALSE,1052718743
Hilbury,Hilbury,,13.1395,-59.5533,Barbados,BB,BRB,"Saint George","Saint George",BB-03,parish,,472.3,,,3,America/Barbados,FALSE,1052000073
"East Lynne","East Lynne",,13.1291,-59.5433,Barbados,BB,BRB,"Saint George","Saint George",BB-03,parish,,472.3,,,3,America/Barbados,FALSE,1052274406
Applewhaites,Applewhaites,,13.1551,-59.5760,Barbados,BB,BRB,"Saint George","Saint George",BB-03,parish,,739.8,,,3,America/Barbados,FALSE,1052000025
Retreat,Retreat,,13.3292,-59.6167,Barbados,BB,BRB,"Saint Lucy","Saint Lucy",BB-07,parish,,274.4,,,3,America/Barbados,FALSE,1052969823
Windsor,Windsor,,13.1167,-59.5167,Barbados,BB,BRB,"Christ Church","Christ Church",BB-01,parish,,579.5,,,3,America/Barbados,FALSE,1052688699
Retreat,Retreat,,13.1556,-59.5482,Barbados,BB,BRB,"Saint George","Saint George",BB-03,parish,,472.3,,,3,America/Barbados,FALSE,1052612085
"Drax Hall Hope","Drax Hall Hope",,13.1474,-59.5337,Barbados,BB,BRB,"Saint George","Saint George",BB-03,parish,,472.3,,,3,America/Barbados,FALSE,1052217573
Retreat,Retreat,,13.2639,-59.6385,Barbados,BB,BRB,"Saint Peter","Saint Peter",BB-09,parish,,325.8,,,3,America/Barbados,FALSE,1052997184
"Lead Vale","Lead Vale",,13.0854,-59.5108,Barbados,BB,BRB,"Christ Church","Christ Church",BB-01,parish,,929.3,,,3,America/Barbados,FALSE,1052860249
"Mount All","Mount All",,13.2212,-59.5753,Barbados,BB,BRB,"Saint Andrew","Saint Andrew",BB-02,parish,,137.3,,,4,America/Barbados,FALSE,1052000057
Clinketts,Clinketts,,13.2756,-59.6456,Barbados,BB,BRB,"Saint Lucy","Saint Lucy",BB-07,parish,,274.4,,,3,America/Barbados,FALSE,1052000034
"Union Hall","Union Hall",,13.1190,-59.4445,Barbados,BB,BRB,"Saint Philip","Saint Philip",BB-10,parish,,608.8,,,3,America/Barbados,FALSE,1052173937
"Four Winds","Four Winds",,13.2303,-59.6422,Barbados,BB,BRB,"Saint Peter","Saint Peter",BB-09,parish,,331.0,,,3,America/Barbados,FALSE,1052155631
"The Savannah","The Savannah",,13.2634,-59.5703,Barbados,BB,BRB,"Saint Andrew","Saint Andrew",BB-02,parish,,137.3,,,4,America/Barbados,FALSE,1052000008
Blunts,Blunts,,13.2039,-59.5839,Barbados,BB,BRB,"Saint Thomas","Saint Thomas",BB-11,parish,,452.5,,,3,America/Barbados,FALSE,1052000040
Chapel,Chapel,,13.1340,-59.4909,Barbados,BB,BRB,"Saint Philip","Saint Philip",BB-10,parish,,608.8,,,3,America/Barbados,FALSE,1052000074
Highclere,Highclere,,13.2058,-59.5833,Barbados,BB,BRB,"Saint Thomas","Saint Thomas",BB-11,parish,,452.5,,,3,America/Barbados,FALSE,1052000041
Gibbons,Gibbons,,13.0676,-59.5193,Barbados,BB,BRB,"Christ Church","Christ Church",BB-01,parish,,929.3,,,3,America/Barbados,FALSE,1052000003
Bawdens,Bawdens,,13.2440,-59.5861,Barbados,BB,BRB,"Saint Andrew","Saint Andrew",BB-02,parish,,137.3,,,4,America/Barbados,FALSE,1052000045
Welches,Welches,,13.0500,-59.5500,Barbados,BB,BRB,"Saint James","Saint James",BB-04,parish,,587.4,,,3,America/Barbados,FALSE,1052000030
Bayfield,Bayfield,,13.1500,-59.4500,Barbados,BB,BRB,"Saint Philip","Saint Philip",BB-10,parish,,608.8,,,3,America/Barbados,FALSE,1052515374
Briggs,Briggs,,13.1000,-59.5333,Barbados,BB,BRB,"Christ Church","Christ Church",BB-01,parish,,929.3,,,3,America/Barbados,FALSE,1052096461
Chapman,Chapman,,13.1991,-59.5740,Barbados,BB,BRB,"Saint Thomas","Saint Thomas",BB-11,parish,,433.7,,,3,America/Barbados,FALSE,1052286181
"Diamond Corner","Diamond Corner",,13.2667,-59.6000,Barbados,BB,BRB,"Saint Peter","Saint Peter",BB-09,parish,,325.8,,,3,America/Barbados,FALSE,1052039333
Searles,Searles,Seales,13.0913,-59.5027,Barbados,BB,BRB,"Christ Church","Christ Church",BB-01,parish,,929.3,,,3,America/Barbados,FALSE,1052119266
"Waverley Cot","Waverley Cot",,13.1305,-59.5343,Barbados,BB,BRB,"Saint George","Saint George",BB-03,parish,,472.3,,,3,America/Barbados,FALSE,1052787544
"Sutherland Road","Sutherland Road",,13.2815,-59.6456,Barbados,BB,BRB,"Saint Lucy","Saint Lucy",BB-07,parish,,274.4,,,3,America/Barbados,FALSE,1052564738
"Bawden and River","Bawden and River",,13.2448,-59.5810,Barbados,BB,BRB,"Saint Andrew","Saint Andrew",BB-02,parish,,137.3,,,4,America/Barbados,FALSE,1052000047
Cove,Cove,,13.3028,-59.5775,Barbados,BB,BRB,"Saint Lucy","Saint Lucy",BB-07,parish,,274.4,,,3,America/Barbados,FALSE,1052605334
"Saint Marks","Saint Marks",,13.1772,-59.4637,Barbados,BB,BRB,"Saint John","Saint John",BB-05,parish,,339.5,,,3,America/Barbados,FALSE,1052527315
Gaskin,Gaskin,,13.1417,-59.4676,Barbados,BB,BRB,"Saint Philip","Saint Philip",BB-10,parish,,608.8,,,3,America/Barbados,FALSE,1052000076
Wilcox,Wilcox,,13.0675,-59.5087,Barbados,BB,BRB,"Christ Church","Christ Church",BB-01,parish,,929.3,,,3,America/Barbados,FALSE,1052666322
"Good Intent","Good Intent","Good Intene",13.1329,-59.5443,Barbados,BB,BRB,"Saint George","Saint George",BB-03,parish,,472.3,,,3,America/Barbados,FALSE,1052468463
Hannays,Hannays,,13.3014,-59.6306,Barbados,BB,BRB,"Saint Lucy","Saint Lucy",BB-07,parish,,274.4,,,3,America/Barbados,FALSE,1052290701
"Holders Hill","Holders Hill",Holders,13.1645,-59.6320,Barbados,BB,BRB,"Saint James","Saint James",BB-04,parish,,1011.1,,,3,America/Barbados,FALSE,1052599495
"Fisher Pond","Fisher Pond",,13.1700,-59.5591,Barbados,BB,BRB,"Saint Thomas","Saint Thomas",BB-11,parish,,453.0,,,3,America/Barbados,FALSE,1052277848
"Clifton Hall","Clifton Hall",,13.1886,-59.5021,Barbados,BB,BRB,"Saint John","Saint John",BB-05,parish,,238.0,,,3,America/Barbados,FALSE,1052520664
"Foul Bay","Foul Bay",,13.0994,-59.4547,Barbados,BB,BRB,"Saint Philip","Saint Philip",BB-10,parish,,608.8,,,3,America/Barbados,FALSE,1052949734
Blackmans,Blackmans,,13.1825,-59.5454,Barbados,BB,BRB,"Saint Joseph","Saint Joseph",BB-06,parish,,267.2,,,3,America/Barbados,FALSE,1052496539
Lakes,Lakes,,13.2417,-59.5574,Barbados,BB,BRB,"Saint Andrew","Saint Andrew",BB-02,parish,,137.3,,,4,America/Barbados,FALSE,1052186885
Ellesmere,Ellesmere,,13.1564,-59.5237,Barbados,BB,BRB,"Saint George","Saint George",BB-03,parish,,347.5,,,3,America/Barbados,FALSE,1052379726
Springhall,Springhall,"Spring Hall",13.3083,-59.6124,Barbados,BB,BRB,"Saint Lucy","Saint Lucy",BB-07,parish,,274.4,,,3,America/Barbados,FALSE,1052535761
"Campaign Castle","Campaign Castle",,13.1218,-59.5165,Barbados,BB,BRB,"Saint George","Saint George",BB-03,parish,,763.6,,,3,America/Barbados,FALSE,1052318323
Sherbourne,Sherbourne,,13.1667,-59.5167,Barbados,BB,BRB,"Saint John","Saint John",BB-05,parish,,238.0,,,3,America/Barbados,FALSE,1052055523
Endeavour,Endeavour,,13.1778,-59.5908,Barbados,BB,BRB,"Saint Thomas","Saint Thomas",BB-11,parish,,453.0,,,3,America/Barbados,FALSE,1052878806
"Chance Hall","Chance Hall",,13.3097,-59.6035,Barbados,BB,BRB,"Saint Lucy","Saint Lucy",BB-07,parish,,274.4,,,3,America/Barbados,FALSE,1052035623
"Easy Hall","Easy Hall",,13.1957,-59.5303,Barbados,BB,BRB,"Saint Joseph","Saint Joseph",BB-06,parish,,251.4,,,3,America/Barbados,FALSE,1052152600
"Coles Pasture","Coles Pasture",,13.1529,-59.4271,Barbados,BB,BRB,"Saint Philip","Saint Philip",BB-10,parish,,608.8,,,3,America/Barbados,FALSE,1052725723
Hoytes,Hoytes,,13.2365,-59.5749,Barbados,BB,BRB,"Saint Andrew","Saint Andrew",BB-02,parish,,137.3,,,4,America/Barbados,FALSE,1052202558
"Church Hill","Church Hill",,13.2913,-59.6189,Barbados,BB,BRB,"Saint Lucy","Saint Lucy",BB-07,parish,,274.6,,,3,America/Barbados,FALSE,1052502381
"Skeenes Hill","Skeenes Hill",,13.1046,-59.5281,Barbados,BB,BRB,"Christ Church","Christ Church",BB-01,parish,,929.3,,,3,America/Barbados,FALSE,1052421592
Heddings,Heddings,,13.0991,-59.4629,Barbados,BB,BRB,"Saint Philip","Saint Philip",BB-10,parish,,608.8,,,3,America/Barbados,FALSE,1052001541
"Lower Carlton","Lower Carlton",,13.2214,-59.6400,Barbados,BB,BRB,"Saint James","Saint James",BB-04,parish,,1011.1,,,3,America/Barbados,FALSE,1052785931
Brereton,Brereton,,13.1167,-59.5000,Barbados,BB,BRB,"Saint Philip","Saint Philip",BB-10,parish,,623.9,,,3,America/Barbados,FALSE,1052289853
"South District","South District",,13.1078,-59.5604,Barbados,BB,BRB,"Saint George","Saint George",BB-03,parish,,474.5,,,3,America/Barbados,FALSE,1052617252
Paragon,Paragon,,13.0693,-59.4927,Barbados,BB,BRB,"Christ Church","Christ Church",BB-01,parish,,929.3,,,3,America/Barbados,FALSE,1052448835
"Benny Hall","Benny Hall",,13.2684,-59.6012,Barbados,BB,BRB,"Saint Peter","Saint Peter",BB-09,parish,,325.8,,,3,America/Barbados,FALSE,1052755432
Boscobelle,Boscobelle,,13.2833,-59.5667,Barbados,BB,BRB,"Saint Peter","Saint Peter",BB-09,parish,,272.7,,,3,America/Barbados,FALSE,1052941624
"Wakefield Tenantry","Wakefield Tenantry",,13.1693,-59.5272,Barbados,BB,BRB,"Saint John","Saint John",BB-05,parish,,252.9,,,3,America/Barbados,FALSE,1052211041
"Walker’s Savannah","Walker's Savannah",,13.2557,-59.5671,Barbados,BB,BRB,"Saint Andrew","Saint Andrew",BB-02,parish,,137.3,,,4,America/Barbados,FALSE,1052000009
Goodland,Goodland,,13.0558,-59.5210,Barbados,BB,BRB,"Christ Church","Christ Church",BB-01,parish,,929.3,,,3,America/Barbados,FALSE,1052755013
Wanstead,Wanstead,,13.1333,-59.6167,Barbados,BB,BRB,"Saint James","Saint James",BB-04,parish,,1698.7,,,3,America/Barbados,FALSE,1052619874
Bakers,Bakers,,13.2376,-59.6231,Barbados,BB,BRB,"Saint James","Saint James",BB-04,parish,,325.8,,,3,America/Barbados,FALSE,1052031597
"Pool Tenantry","Pool Tenantry",,13.1709,-59.5173,Barbados,BB,BRB,"Saint John","Saint John",BB-05,parish,,238.0,,,3,America/Barbados,FALSE,1052000065
"Date Tree Hill","Date Tree Hill",,13.2667,-59.5833,Barbados,BB,BRB,"Saint Lucy","Saint Lucy",BB-07,parish,,307.3,,,3,America/Barbados,FALSE,1052399997
"Sayes Court","Sayes Court",,13.0586,-59.5264,Barbados,BB,BRB,"Christ Church","Christ Church",BB-01,parish,,929.3,,,3,America/Barbados,FALSE,1052810590
Enterprise,Enterprise,,13.0540,-59.5301,Barbados,BB,BRB,"Christ Church","Christ Church",BB-01,parish,,929.3,,,3,America/Barbados,FALSE,1052906115
Newcastle,Newcastle,,13.1928,-59.4959,Barbados,BB,BRB,"Saint John","Saint John",BB-05,parish,,238.0,,,3,America/Barbados,FALSE,1052790929
Durham,Durham,,13.3037,-59.6103,Barbados,BB,BRB,"Saint Lucy","Saint Lucy",BB-07,parish,,274.4,,,3,America/Barbados,FALSE,1052018029
"Ealing Park","Ealing Park",,13.0556,-59.5132,Barbados,BB,BRB,"Christ Church","Christ Church",BB-01,parish,,929.3,,,3,America/Barbados,FALSE,1052480703
"Fairy Valley Rock","Fairy Valley Rock",,13.0681,-59.5020,Barbados,BB,BRB,"Christ Church","Christ Church",BB-01,parish,,929.3,,,3,America/Barbados,FALSE,1052708290
